accuracy,auc,loss,val_accuracy,val_auc,val_loss,learning_rate
0.6125654578208923,0.6408244967460632,0.8543606996536255,0.6649214625358582,0.735021710395813,1.1485333442687988,0.0005000000237487257
0.6518324613571167,0.6779520511627197,0.7533884644508362,0.6361256837844849,0.7545338273048401,1.6267863512039185,0.0005000000237487257
0.6623036861419678,0.7150344848632812,0.699831485748291,0.6596858501434326,0.6737595796585083,2.0397346019744873,0.0005000000237487257
0.6603403091430664,0.6939407587051392,0.7267979979515076,0.6727748513221741,0.7505424618721008,1.7017912864685059,0.0005000000237487257
0.6897905468940735,0.738974928855896,0.6470207571983337,0.6753926873207092,0.756619930267334,1.5590598583221436,0.00010000000474974513
0.7231675386428833,0.778209924697876,0.5876094102859497,0.7251309156417847,0.7828632593154907,1.2689591646194458,0.00010000000474974513
